instruction,input,output
Analyse the input and categorize into respective category,Patient John Smith needs to be directed to orthopedic specialist Dr. Williams for knee evaluation. Please coordinate appointment scheduling and ensure proper documentation transfer.,DOCUMENT_UPLOAD
Analyse the input and categorize into respective category,"Progress report for patient case #4521: Current symptoms include moderate pain levels, improved mobility since last visit. Treatment plan adjusted based on recent assessments.",DOCUMENT_UPLOAD
Analyse the input and categorize into respective category,"Invoice #INV-2024-001 for physical therapy sessions totaling $450.00. Payment due within 30 days. Services rendered between Jan 1-15, 2024.",DOCUMENT_UPLOAD
Analyse the input and categorize into respective category,Prior approval required for MRI scan scheduled for next week. Please provide necessary documentation and clinical justification for imaging procedure.,DOCUMENT_UPLOAD
Analyse the input and categorize into respective category,Directing patient Mary Johnson to cardiology department for specialized consultation. Transfer includes complete medical history and current medications list.,DOCUMENT_UPLOAD
Analyse the input and categorize into respective category,"Patient assessment summary: Blood pressure 120/80, heart rate 72 bpm, temperature 98.6Â°F. Diagnosis updated based on laboratory results received today.",DOCUMENT_UPLOAD
Analyse the input and categorize into respective category,"Statement of charges for outpatient services rendered on 03/15/2024. Total amount due: $1,200.00. Insurance coverage applied, patient responsibility: $300.00.",DOCUMENT_UPLOAD
Analyse the input and categorize into respective category,Request for pre-approval submitted for surgical procedure scheduled next month. All supporting documentation attached for review and processing.,DOCUMENT_UPLOAD
Analyse the input and categorize into respective category,Forwarding patient to neurology clinic for headache evaluation. Include recent CT scan results and current medication regimen in transfer documents.,DOCUMENT_UPLOAD
Analyse the input and categorize into respective category,"Clinical notes from today's examination: Patient reports decreased pain, increased range of motion. Recommended continuation of current therapy protocol.",DOCUMENT_UPLOAD
Analyse the input and categorize into respective category,"Billing summary for insurance claim #CLM-789456. Services provided: diagnostic imaging, consultation fees. Total submitted: $875.00 for reimbursement.",DOCUMENT_UPLOAD
Analyse the input and categorize into respective category,Seeking approval for extended therapy sessions beyond standard coverage limit. Medical necessity documentation provided to support continued treatment.,DOCUMENT_UPLOAD
Analyse the input and categorize into respective category,Connect patient with pulmonology specialist for breathing difficulty assessment. Coordinate transfer of chest X-ray images and spirometry test results.,DOCUMENT_UPLOAD
Analyse the input and categorize into respective category,"Patient visit summary: Vital signs stable, wound healing progressing normally. Next appointment scheduled for follow-up evaluation in two weeks.",DOCUMENT_UPLOAD
Analyse the input and categorize into respective category,"Explanation of benefits for claim processed on 02/28/2024. Covered amount: $600.00, deductible applied: $150.00, patient owes: $75.00.",DOCUMENT_UPLOAD
Analyse the input and categorize into respective category,Preauthorization request for specialized equipment rental. Medical justification letter from attending physician included with application materials.,DOCUMENT_UPLOAD
Analyse the input and categorize into respective category,"Route patient to gastroenterology for digestive issues evaluation. Include dietary history, symptom timeline, and recent blood work results.",DOCUMENT_UPLOAD
Analyse the input and categorize into respective category,"Treatment documentation: Patient responded well to medication adjustment. Side effects minimal, compliance good. Plan to continue current dosage.",DOCUMENT_UPLOAD
Analyse the input and categorize into respective category,"Healthcare charges for emergency department visit on 04/10/2024. Itemized breakdown: facility fee $300, physician fee $200, tests $150.",DOCUMENT_UPLOAD
Analyse the input and categorize into respective category,"Approval needed for home health services starting next week. Care plan developed, qualified provider identified, awaiting coverage determination.",DOCUMENT_UPLOAD
Analyse the input and categorize into respective category,"Send patient to endocrinology for diabetes management consultation. Transfer glucose monitoring logs, HbA1c results, and current insulin regimen details.",DOCUMENT_UPLOAD
Analyse the input and categorize into respective category,Medical record update: Patient's condition improving steadily. Rehabilitation goals being met ahead of schedule. Consider discharge planning soon.,DOCUMENT_UPLOAD
Analyse the input and categorize into respective category,"Monthly statement for ongoing treatment services. Previous balance: $200.00, new charges: $400.00, payments received: $150.00, current balance: $450.00.",DOCUMENT_UPLOAD
Analyse the input and categorize into respective category,Prior consent required for experimental treatment protocol. Research study enrollment documents and informed consent forms prepared for review.,DOCUMENT_UPLOAD
Analyse the input and categorize into respective category,"Direct patient to oncology department for cancer screening follow-up. Include biopsy results, imaging reports, and family history information.",DOCUMENT_UPLOAD
Analyse the input and categorize into respective category,Discharge summary: Patient successfully completed treatment program. Final assessment shows significant improvement in all measured parameters.,DOCUMENT_UPLOAD
Analyse the input and categorize into respective category,"Insurance reimbursement notice for services rendered last month. Processed amount: $1,500.00, adjustment: $200.00, net payment: $1,300.00.",DOCUMENT_UPLOAD
Analyse the input and categorize into respective category,"Clearance request for elective surgery scheduled for next quarter. Pre-operative assessment complete, all requirements met for approval.",DOCUMENT_UPLOAD
Analyse the input and categorize into respective category,"Transfer patient to psychiatry for mental health evaluation. Include psychological assessment scores, medication history, and behavioral observations.",DOCUMENT_UPLOAD
Analyse the input and categorize into respective category,"Patient care notes: Responded positively to new treatment approach. Pain levels decreased significantly, mobility improved substantially over past week.",DOCUMENT_UPLOAD
Analyse the input and categorize into respective category,"Cost breakdown for recent hospitalization: room charges $2,000, medical supplies $500, pharmacy $300, total patient responsibility after insurance: $800.",DOCUMENT_UPLOAD
Analyse the input and categorize into respective category,Authorization requested for second opinion consultation with out-of-network specialist. Clinical complexity justifies additional expert evaluation.,DOCUMENT_UPLOAD
Analyse the input and categorize into respective category,"Channel patient to rheumatology for joint pain assessment. Forward laboratory results, inflammation markers, and current symptom documentation.",DOCUMENT_UPLOAD
Analyse the input and categorize into respective category,Therapy progress notes: Patient demonstrates increased strength and endurance. Functional goals being achieved within expected timeframe.,DOCUMENT_UPLOAD
Analyse the input and categorize into respective category,"Account statement for services provided during Q1 2024. Total charges: $2,500.00, insurance payments: $1,800.00, patient balance: $700.00.",DOCUMENT_UPLOAD
Analyse the input and categorize into respective category,Pre-approval needed for diagnostic testing battery. Clinical presentation warrants comprehensive evaluation with multiple imaging modalities.,DOCUMENT_UPLOAD
Analyse the input and categorize into respective category,"Coordinate patient transfer to dermatology for skin lesion evaluation. Include photographs, growth timeline, and family history of skin conditions.",DOCUMENT_UPLOAD
Analyse the input and categorize into respective category,Clinical assessment update: Patient tolerance to new medication excellent. Therapeutic response exceeding expectations with minimal adverse effects.,DOCUMENT_UPLOAD
Analyse the input and categorize into respective category,"Facility charges for inpatient stay from 05/12-05/18/2024. Daily room rate: $800, ancillary services: $1,200, total: $6,000.",DOCUMENT_UPLOAD
Analyse the input and categorize into respective category,"Approval sought for participation in clinical trial. Eligibility criteria met, informed consent discussion scheduled with research coordinator.",DOCUMENT_UPLOAD
Analyse the input and categorize into respective category,"Dispatch patient to urology for kidney stone management. Include recent ultrasound findings, pain medication history, and dietary restrictions.",DOCUMENT_UPLOAD
Analyse the input and categorize into respective category,"Nursing documentation: Patient ambulating independently, wound care performed as ordered. Vital signs within normal parameters throughout shift.",DOCUMENT_UPLOAD
Analyse the input and categorize into respective category,"Payment summary for diagnostic procedures completed last week. Radiology fees: $400, pathology: $250, total due: $650 after insurance processing.",DOCUMENT_UPLOAD
Analyse the input and categorize into respective category,Clearance needed for investigational drug access. Compassionate use application submitted with supporting clinical documentation.,DOCUMENT_UPLOAD
Analyse the input and categorize into respective category,"Refer patient to ophthalmology for vision changes evaluation. Include recent eye exam results, current prescriptions, and symptom onset timeline.",DOCUMENT_UPLOAD
Analyse the input and categorize into respective category,Rehabilitation progress report: Patient meeting all functional milestones. Strength testing shows 85% improvement from baseline measurements.,DOCUMENT_UPLOAD
Analyse the input and categorize into respective category,"Insurance claim summary for emergency services rendered 06/03/2024. Triage fee: $150, physician consultation: $350, total claimed: $500.",DOCUMENT_UPLOAD
Analyse the input and categorize into respective category,"Prior permission required for alternative therapy approach. Standard treatments unsuccessful, exploring experimental intervention options.",DOCUMENT_UPLOAD
Analyse the input and categorize into respective category,"Guide patient to infectious disease specialist for persistent fever evaluation. Include culture results, antibiotic history, and travel records.",DOCUMENT_UPLOAD
Analyse the input and categorize into respective category,"Patient monitoring log: Temperature trending downward, appetite improving. Medication compliance excellent, no adverse reactions noted.",DOCUMENT_UPLOAD
Analyse the input and categorize into respective category,"Billing notice for laboratory services performed 07/15/2024. Blood work panel: $180, urinalysis: $45, patient responsibility: $75.",DOCUMENT_UPLOAD
Analyse the input and categorize into respective category,"Approval request for durable medical equipment prescription. Clinical necessity established, delivery timeline coordinated with patient schedule.",DOCUMENT_UPLOAD
Analyse the input and categorize into respective category,"Route patient to hematology for blood disorder investigation. Forward complete blood count trends, bone marrow biopsy results, and symptom history.",DOCUMENT_UPLOAD
Analyse the input and categorize into respective category,"Treatment summary: Patient response to chemotherapy better than anticipated. Side effects manageable, tumor markers decreasing steadily.",DOCUMENT_UPLOAD
Analyse the input and categorize into respective category,"Copayment notice for specialty clinic visit scheduled next month. Insurance verification complete, patient portion: $40 due at time of service.",DOCUMENT_UPLOAD
Analyse the input and categorize into respective category,"Preauthorization submitted for surgical implant procedure. Medical necessity well-documented, awaiting insurance determination within 5 business days.",DOCUMENT_UPLOAD
Analyse the input and categorize into respective category,"Connect patient with nephrology for kidney function evaluation. Include creatinine trends, urinalysis results, and blood pressure readings.",DOCUMENT_UPLOAD
Analyse the input and categorize into respective category,"Physician notes: Patient education provided regarding medication adherence. Understanding demonstrated, follow-up scheduled to monitor compliance.",DOCUMENT_UPLOAD
Analyse the input and categorize into respective category,"Statement of account for physical therapy services. Session count: 12, unit cost: $85, total charges: $1,020, insurance pending.",DOCUMENT_UPLOAD
Analyse the input and categorize into respective category,"Approval needed for extended care facility placement. Discharge planning complete, appropriate level of care identified.",DOCUMENT_UPLOAD
Analyse the input and categorize into respective category,"Transfer patient to orthopedic surgery for joint replacement consultation. Include imaging studies, pain scores, and functional limitation assessment.",DOCUMENT_UPLOAD
Analyse the input and categorize into respective category,"Daily assessment notes: Patient ambulation distance increased to 100 feet. Pain management effective, discharge criteria being evaluated.",DOCUMENT_UPLOAD
Analyse the input and categorize into respective category,"Healthcare invoice for diagnostic imaging performed 08/22/2024. CT scan: $1,200, contrast materials: $150, interpretation: $200.",DOCUMENT_UPLOAD
Analyse the input and categorize into respective category,"Prior approval requested for genetic testing panel. Family history significant, clinical presentation supports testing recommendation.",DOCUMENT_UPLOAD
Analyse the input and categorize into respective category,"Direct patient to plastic surgery for reconstruction consultation. Include photographs, tissue viability assessment, and patient preferences.",DOCUMENT_UPLOAD
Analyse the input and categorize into respective category,"Recovery notes: Patient demonstrating excellent progress post-operatively. Wound healing appropriate, no signs of infection present.",DOCUMENT_UPLOAD
Analyse the input and categorize into respective category,"Cost estimate for upcoming procedure scheduled 09/15/2024. Surgeon fee: $2,500, facility fee: $1,800, anesthesia: $600.",DOCUMENT_UPLOAD
Analyse the input and categorize into respective category,"Clearance sought for off-label medication use. Standard therapies ineffective, alternative approach medically justified.",DOCUMENT_UPLOAD
Analyse the input and categorize into respective category,"Send patient to pain management for chronic condition evaluation. Include pain diary, previous treatments attempted, and current medication regimen.",DOCUMENT_UPLOAD
Analyse the input and categorize into respective category,Therapeutic response documentation: Patient showing marked improvement in cognitive function. Memory testing scores improved 40% from baseline.,DOCUMENT_UPLOAD
Analyse the input and categorize into respective category,"Financial summary for outpatient surgery performed last month. Total charges: $8,500, insurance adjustment: $3,200, net collectible: $5,300.",DOCUMENT_UPLOAD
Analyse the input and categorize into respective category,"Authorization required for experimental treatment protocol. Clinical trial enrollment criteria met, consent process initiated.",DOCUMENT_UPLOAD
Analyse the input and categorize into respective category,"Coordinate patient referral to allergy specialist for food sensitivity evaluation. Include symptom log, dietary history, and previous test results.",DOCUMENT_UPLOAD
Analyse the input and categorize into respective category,"Medication effectiveness notes: Patient tolerating new regimen well. Symptom control achieved, side effect profile acceptable.",DOCUMENT_UPLOAD
Analyse the input and categorize into respective category,"Pharmacy charges for medication dispensed during hospital stay. Antibiotics: $180, pain medication: $95, total pharmaceutical costs: $275.",DOCUMENT_UPLOAD
Analyse the input and categorize into respective category,"Pre-approval needed for wheelchair accessibility modifications. Occupational therapy assessment complete, medical necessity established.",DOCUMENT_UPLOAD
Analyse the input and categorize into respective category,"Forward patient to vascular surgery for circulation problems evaluation. Include Doppler study results, symptom progression, and risk factors.",DOCUMENT_UPLOAD
Analyse the input and categorize into respective category,"Wound care documentation: Healing progressing as expected. Dressing changes performed daily, no signs of complications observed.",DOCUMENT_UPLOAD
Analyse the input and categorize into respective category,"Insurance processing notice for claim #789123. Services approved: $1,400, deductible applied: $300, patient owes: $200.",DOCUMENT_UPLOAD
Analyse the input and categorize into respective category,Approval request for second surgical opinion consultation. Complex case requiring additional expert evaluation before proceeding.,DOCUMENT_UPLOAD
Analyse the input and categorize into respective category,"Route patient to sports medicine for athletic injury assessment. Include mechanism of injury, performance limitations, and rehabilitation goals.",DOCUMENT_UPLOAD
Analyse the input and categorize into respective category,"Patient status update: Mobility improving daily, pain levels decreasing. Physical therapy goals being met ahead of projected timeline.",DOCUMENT_UPLOAD
Analyse the input and categorize into respective category,"Billing adjustment notice for services rendered 10/08/2024. Original charge: $750, insurance discount: $200, revised balance: $550.",DOCUMENT_UPLOAD
Analyse the input and categorize into respective category,"Clearance required for investigational device implantation. FDA approval pending, compassionate use protocol being considered.",DOCUMENT_UPLOAD
Analyse the input and categorize into respective category,"Transfer patient to emergency psychiatry for crisis intervention. Include mental status exam, safety assessment, and immediate treatment needs.",DOCUMENT_UPLOAD
Analyse the input and categorize into respective category,"Therapy session notes: Patient engagement excellent, motivation high. Functional improvements documented across all measured domains.",DOCUMENT_UPLOAD
Analyse the input and categorize into respective category,"Account balance update for patient #45789. Previous balance: $300, new charges: $125, payment received: $200, current balance: $225.",DOCUMENT_UPLOAD
Analyse the input and categorize into respective category,Prior approval submitted for palliative care consultation. Quality of life assessment indicates need for specialized symptom management.,DOCUMENT_UPLOAD
Analyse the input and categorize into respective category,"Connect patient with pediatric subspecialist for developmental delay evaluation. Include growth charts, milestone assessments, and family concerns.",DOCUMENT_UPLOAD
Analyse the input and categorize into respective category,Care plan documentation: Patient responding well to integrated treatment approach. Multidisciplinary team coordination effective.,DOCUMENT_UPLOAD
Analyse the input and categorize into respective category,"Service charges for rehabilitation program participation. Daily therapy rate: $200, duration: 14 days, total program cost: $2,800.",DOCUMENT_UPLOAD
Analyse the input and categorize into respective category,"Approval needed for innovative surgical technique. Standard approaches unsuccessful, alternative method medically indicated.",DOCUMENT_UPLOAD
Analyse the input and categorize into respective category,"Direct patient to maternal-fetal medicine for high-risk pregnancy management. Include ultrasound findings, genetic screening results, and risk stratification.",DOCUMENT_UPLOAD
Analyse the input and categorize into respective category,"Discharge planning notes: Patient ready for home care transition. Equipment needs identified, caregiver training completed successfully.",DOCUMENT_UPLOAD
Analyse the input and categorize into respective category,"Healthcare costs for intensive care unit stay. Daily ICU rate: $3,500, monitoring equipment: $500, total for 3-day stay: $12,000.",DOCUMENT_UPLOAD
Analyse the input and categorize into respective category,"Preauthorization request for robotic-assisted surgery. Clinical benefits justify advanced technology use, patient consent obtained.",DOCUMENT_UPLOAD
Analyse the input and categorize into respective category,"Send patient to interventional radiology for minimally invasive procedure. Include imaging studies, coagulation studies, and procedure risks discussed.",DOCUMENT_UPLOAD
Analyse the input and categorize into respective category,Clinical progress summary: Patient exceeding recovery expectations. Functional status returned to pre-illness baseline ahead of schedule.,DOCUMENT_UPLOAD
Analyse the input and categorize into respective category,"Payment plan proposal for outstanding balance of $2,400. Monthly installments of $200 for 12 months, no interest charged.",DOCUMENT_UPLOAD
Analyse the input and categorize into respective category,"Approval sought for stem cell therapy consultation. Traditional treatments exhausted, experimental approach being considered.",DOCUMENT_UPLOAD
Analyse the input and categorize into respective category,"Coordinate patient transfer to burn center for specialized wound care. Include injury assessment, fluid resuscitation needs, and transport arrangements.",DOCUMENT_UPLOAD
Analyse the input and categorize into respective category,"Nursing shift report: Patient stable overnight, vital signs within normal limits. Medication administration completed without complications.",DOCUMENT_UPLOAD
Analyse the input and categorize into respective category,"Radiology billing for studies performed 11/12/2024. X-ray series: $280, ultrasound: $450, total imaging costs: $730.",DOCUMENT_UPLOAD
Analyse the input and categorize into respective category,"Prior permission needed for alternative pain management approach. Conventional therapies ineffective, innovative treatment recommended.",DOCUMENT_UPLOAD
Analyse the input and categorize into respective category,"Forward patient to cardiac surgery for valve replacement evaluation. Include echocardiogram results, symptoms assessment, and surgical risk stratification.",DOCUMENT_UPLOAD
Analyse the input and categorize into respective category,"Medication monitoring log: Patient compliance excellent, therapeutic levels achieved. No adverse effects reported during treatment period.",DOCUMENT_UPLOAD
Analyse the input and categorize into respective category,"Insurance reimbursement statement for November 2024 services. Total billed: $5,600, approved amount: $4,200, patient responsibility: $1,400.",DOCUMENT_UPLOAD
Analyse the input and categorize into respective category,"Clearance requested for participation in multi-center research study. Enrollment criteria satisfied, protocol requirements reviewed.",DOCUMENT_UPLOAD
Analyse the input and categorize into respective category,"Route patient to hand surgery for complex trauma repair. Include mechanism of injury, neurovascular assessment, and functional requirements.",DOCUMENT_UPLOAD
Analyse the input and categorize into respective category,Patient education documentation: Comprehensive instruction provided regarding post-operative care. Demonstration of understanding confirmed.,DOCUMENT_UPLOAD
Analyse the input and categorize into respective category,"Facility fee schedule for ambulatory surgical procedure. Base rate: $1,200, supplies: $300, recovery room: $400, total: $1,900.",DOCUMENT_UPLOAD
Analyse the input and categorize into respective category,"Approval required for compassionate use medication access. Standard treatments failed, expanded access program available.",DOCUMENT_UPLOAD
Analyse the input and categorize into respective category,"Transfer patient to transplant center for organ replacement evaluation. Include tissue typing, crossmatch results, and waitlist criteria.",DOCUMENT_UPLOAD
Analyse the input and categorize into respective category,Recovery milestone documentation: Patient achieving all rehabilitation benchmarks. Functional capacity assessment shows 95% improvement.,DOCUMENT_UPLOAD
Analyse the input and categorize into respective category,"Statement of professional services for December 2024. Consultation fees: $800, procedure costs: $1,200, total professional charges: $2,000.",DOCUMENT_UPLOAD
Analyse the input and categorize into respective category,"Preauthorization submitted for advanced imaging study. Clinical presentation requires high-resolution evaluation, medical necessity clear.",DOCUMENT_UPLOAD
Analyse the input and categorize into respective category,"Connect patient with genetics counselor for hereditary condition assessment. Include family pedigree, genetic testing results, and counseling needs.",DOCUMENT_UPLOAD
Analyse the input and categorize into respective category,Treatment effectiveness notes: Patient showing sustained improvement in symptoms. Quality of life measures significantly enhanced.,DOCUMENT_UPLOAD
Analyse the input and categorize into respective category,"Copayment collection notice for upcoming specialty appointments. Insurance verification complete, patient portion: $50 per visit.",DOCUMENT_UPLOAD
Analyse the input and categorize into respective category,"Approval needed for extended rehabilitation program. Functional gains plateauing, intensified therapy approach recommended.",DOCUMENT_UPLOAD
Analyse the input and categorize into respective category,"Direct patient to sleep medicine for disorders evaluation. Include sleep study results, symptom diary, and medication effects on sleep.",DOCUMENT_UPLOAD
Analyse the input and categorize into respective category,"Nursing care plan update: Patient independence increasing daily. Assistance needs decreasing, discharge planning appropriate.",DOCUMENT_UPLOAD
Analyse the input and categorize into respective category,"Healthcare invoice for emergency services rendered 12/15/2024. Trauma team activation: $1,500, diagnostic workup: $800, total: $2,300.",DOCUMENT_UPLOAD
Analyse the input and categorize into respective category,"Prior approval requested for novel therapeutic intervention. Breakthrough therapy designation received, patient access being facilitated.",DOCUMENT_UPLOAD
Analyse the input and categorize into respective category,"Send patient to infectious disease specialist for resistant organism treatment. Include culture sensitivities, previous antibiotic courses, and infection timeline.",DOCUMENT_UPLOAD
Analyse the input and categorize into respective category,Medication reconciliation notes: Patient understanding of new regimen confirmed. Potential drug interactions reviewed and avoided.,DOCUMENT_UPLOAD
Analyse the input and categorize into respective category,"Financial hardship application for patient assistance program. Income verification provided, eligibility criteria met for payment reduction.",DOCUMENT_UPLOAD
Analyse the input and categorize into respective category,"Clearance sought for experimental device trial participation. Informed consent process complete, trial enrollment scheduled.",DOCUMENT_UPLOAD
Analyse the input and categorize into respective category,"Coordinate patient referral to geriatric medicine for comprehensive assessment. Include cognitive evaluation, functional status, and medication review.",DOCUMENT_UPLOAD
Analyse the input and categorize into respective category,Physical therapy progress report: Patient strength gains consistent with expected timeline. Range of motion improving steadily.,DOCUMENT_UPLOAD
Analyse the input and categorize into respective category,Billing inquiry response for services questioned by insurance. Additional documentation provided to support medical necessity.,DOCUMENT_UPLOAD
Analyse the input and categorize into respective category,"Approval request for breakthrough therapy access. Rare disease indication, limited treatment options available.",DOCUMENT_UPLOAD
Analyse the input and categorize into respective category,"Forward patient to wound care specialist for complex healing issues. Include wound measurements, treatment history, and healing barriers.",DOCUMENT_UPLOAD
Analyse the input and categorize into respective category,"Patient safety documentation: Fall risk assessment completed. Preventive measures implemented, monitoring increased appropriately.",DOCUMENT_UPLOAD
Analyse the input and categorize into respective category,"Account credit applied for overpayment received last month. Credit balance: $150, available for future services or refund.",DOCUMENT_UPLOAD
Analyse the input and categorize into respective category,"Preauthorization needed for investigational drug combination. Single agent therapies insufficient, combination approach medically justified.",DOCUMENT_UPLOAD
Analyse the input and categorize into respective category,"Route patient to adolescent medicine for teenage health concerns. Include growth parameters, developmental milestones, and psychosocial factors.",DOCUMENT_UPLOAD
Analyse the input and categorize into respective category,"Discharge summary completion: Patient goals achieved, functional status restored. Follow-up appointments scheduled with primary care.",DOCUMENT_UPLOAD
Analyse the input and categorize into respective category,"Professional fee breakdown for surgical procedure performed yesterday. Surgeon fee: $3,000, assistant fee: $600, total surgical charges: $3,600.",DOCUMENT_UPLOAD
Analyse the input and categorize into respective category,Approval sought for personalized medicine approach. Genetic testing results support targeted therapy selection.,DOCUMENT_UPLOAD
Analyse the input and categorize into respective category,"Transfer patient to rehabilitation hospital for intensive therapy program. Include functional assessment, therapy goals, and discharge planning.",DOCUMENT_UPLOAD
Analyse the input and categorize into respective category,Occupational therapy notes: Patient demonstrating improved fine motor skills. Adaptive equipment recommendations provided.,DOCUMENT_UPLOAD
Analyse the input and categorize into respective category,Insurance adjustment notice for claim processing delay. Resubmission required with additional clinical documentation.,DOCUMENT_UPLOAD
Analyse the input and categorize into respective category,"Prior approval submitted for cutting-edge surgical technique. Conventional methods inadequate, innovative approach necessary.",DOCUMENT_UPLOAD
Analyse the input and categorize into respective category,"Connect patient with palliative care team for symptom management. Include pain assessment, quality of life measures, and family concerns.",DOCUMENT_UPLOAD
Analyse the input and categorize into respective category,Respiratory therapy documentation: Patient weaning from ventilator support successfully. Breathing exercises tolerance excellent.,DOCUMENT_UPLOAD
Analyse the input and categorize into respective category,"Charity care application approved for indigent patient. Financial assistance covers 80% of total charges, patient responsibility: $400.",DOCUMENT_UPLOAD
Analyse the input and categorize into respective category,"Clearance required for high-risk procedure in complex patient. Multidisciplinary team consultation complete, benefits outweigh risks.",DOCUMENT_UPLOAD
Analyse the input and categorize into respective category,"Direct patient to nuclear medicine for specialized imaging study. Include clinical indication, contraindications checked, and preparation instructions.",DOCUMENT_UPLOAD
Analyse the input and categorize into respective category,Speech therapy progress notes: Patient communication skills improving markedly. Swallowing function restored to safe levels.,DOCUMENT_UPLOAD
Analyse the input and categorize into respective category,"Revenue cycle update for Q4 2024 activity. Total charges: $45,000, collections: $38,000, outstanding receivables: $7,000.",DOCUMENT_UPLOAD
Analyse the input and categorize into respective category,Approval needed for molecular diagnostic testing. Precision medicine approach requires comprehensive genetic profiling.,DOCUMENT_UPLOAD
Analyse the input and categorize into respective category,"Send patient to endocrine surgery for thyroid nodule evaluation. Include ultrasound findings, biopsy results, and functional studies.",DOCUMENT_UPLOAD
Analyse the input and categorize into respective category,"Medication effectiveness monitoring: Patient achieving target therapeutic levels. Dose adjustment unnecessary, continue current regimen.",DOCUMENT_UPLOAD
Analyse the input and categorize into respective category,"Healthcare financing options presented to patient for elective procedure. Payment plans available, insurance coverage limitations explained.",DOCUMENT_UPLOAD
Analyse the input and categorize into respective category,"Preauthorization request for advanced cardiac intervention. Complex anatomy requires specialized approach, standard techniques insufficient.",DOCUMENT_UPLOAD
Analyse the input and categorize into respective category,"Coordinate patient transfer to trauma center for polytrauma management. Include injury severity scores, vital signs, and transport requirements.",DOCUMENT_UPLOAD
Analyse the input and categorize into respective category,"Nutritional assessment notes: Patient dietary compliance excellent. Weight goals being achieved, nutritional status optimized.",DOCUMENT_UPLOAD
Analyse the input and categorize into respective category,"Billing reconciliation for insurance claim discrepancies. Reprocessing complete, correct reimbursement amount: $2,800.",DOCUMENT_UPLOAD
Analyse the input and categorize into respective category,"Approval sought for experimental cellular therapy. Conventional treatments exhausted, innovative approach offers hope.",DOCUMENT_UPLOAD
Analyse the input and categorize into respective category,"Forward patient to maternal medicine for pregnancy complications. Include obstetric history, current symptoms, and fetal assessment.",DOCUMENT_UPLOAD
Analyse the input and categorize into respective category,Social work assessment documentation: Patient support system adequate. Discharge planning resources identified and coordinated.,DOCUMENT_UPLOAD
Analyse the input and categorize into respective category,"Cost analysis for treatment alternatives presented to patient. Option A: $5,000, Option B: $8,500, insurance coverage varies.",DOCUMENT_UPLOAD
Analyse the input and categorize into respective category,"Prior permission needed for participation in international clinical trial. Protocol requirements met, regulatory approval pending.",DOCUMENT_UPLOAD
Analyse the input and categorize into respective category,"Route patient to pediatric cardiology for congenital heart defect evaluation. Include echocardiogram results, growth parameters, and symptom history.",DOCUMENT_UPLOAD
Analyse the input and categorize into respective category,Psychological evaluation report: Patient coping mechanisms improving. Therapeutic intervention showing positive behavioral changes.,DOCUMENT_UPLOAD
Analyse the input and categorize into respective category,"Insurance verification update for scheduled procedures. Coverage confirmed, prior authorization obtained, patient cleared for surgery.",DOCUMENT_UPLOAD
Analyse the input and categorize into respective category,"Clearance requested for compassionate use drug access. Orphan disease indication, no approved alternatives available.",DOCUMENT_UPLOAD
Analyse the input and categorize into respective category,"Transfer patient to specialized cancer center for rare tumor treatment. Include pathology slides, staging studies, and treatment history.",DOCUMENT_UPLOAD
Analyse the input and categorize into respective category,"Medication compliance monitoring: Patient adherence excellent. Therapeutic response sustained, no dose adjustments needed.",DOCUMENT_UPLOAD
Analyse the input and categorize into respective category,"Financial counseling session completed for high-cost treatment. Payment options reviewed, assistance programs identified.",DOCUMENT_UPLOAD
Analyse the input and categorize into respective category,"Approval required for investigational medical device implantation. Safety profile acceptable, potential benefits significant.",DOCUMENT_UPLOAD
Analyse the input and categorize into respective category,"Connect patient with addiction medicine specialist for substance abuse treatment. Include toxicology results, withdrawal symptoms, and recovery goals.",DOCUMENT_UPLOAD
Analyse the input and categorize into respective category,Nursing documentation update: Patient self-care abilities improving. Independence in activities of daily living increasing.,DOCUMENT_UPLOAD
Analyse the input and categorize into respective category,"Healthcare statement for year-end tax preparation. Total medical expenses: $12,400, insurance payments: $9,600, patient portion: $2,800.",DOCUMENT_UPLOAD
Analyse the input and categorize into respective category,"Preauthorization submitted for advanced therapeutic procedure. Medical necessity well-established, clinical outcomes data supportive.",DOCUMENT_UPLOAD
Analyse the input and categorize into respective category,"Direct patient to fertility specialist for reproductive health evaluation. Include hormone levels, imaging studies, and previous treatment attempts.",DOCUMENT_UPLOAD
Analyse the input and categorize into respective category,Rehabilitation progress assessment: Patient functional improvements exceeding expectations. Discharge planning initiated early.,DOCUMENT_UPLOAD
Analyse the input and categorize into respective category,"Billing department notice regarding claim resubmission. Additional documentation attached, processing expected within 10 business days.",DOCUMENT_UPLOAD
Analyse the input and categorize into respective category,"Approval needed for breakthrough diagnostic technology. Conventional testing inadequate, advanced method clinically indicated.",DOCUMENT_UPLOAD
Analyse the input and categorize into respective category,"Send patient to interventional cardiology for complex coronary intervention. Include angiography results, risk stratification, and procedural planning.",DOCUMENT_UPLOAD
Analyse the input and categorize into respective category,"Patient monitoring documentation: Blood glucose levels stabilizing. Insulin regimen adjustment effective, no hypoglycemic episodes noted.",DOCUMENT_UPLOAD
Analyse the input and categorize into respective category,"Account aging report for patient balances over 90 days. Total outstanding: $15,600, collection agency referral recommended for delinquent accounts.",DOCUMENT_UPLOAD
Analyse the input and categorize into respective category,"Prior approval requested for gene therapy treatment. Rare genetic disorder indication, conventional therapies ineffective.",DOCUMENT_UPLOAD
Analyse the input and categorize into respective category,"Coordinate patient referral to thoracic surgery for lung mass evaluation. Include CT findings, bronchoscopy results, and staging information.",DOCUMENT_UPLOAD
Analyse the input and categorize into respective category,"Pharmacy consultation notes: Drug interaction potential identified. Alternative medication selected, no contraindications present.",DOCUMENT_UPLOAD
Analyse the input and categorize into respective category,Insurance appeal filed for denied claim #567890. Additional medical records submitted to support coverage determination.,DOCUMENT_UPLOAD
Analyse the input and categorize into respective category,"Clearance sought for experimental immunotherapy protocol. Standard cancer treatments failed, investigational approach available.",DOCUMENT_UPLOAD
Analyse the input and categorize into respective category,"Forward patient to neonatal intensive care for premature infant management. Include birth weight, gestational age, and respiratory status.",DOCUMENT_UPLOAD
Analyse the input and categorize into respective category,"Care coordination notes: Patient transitioning well between care levels. Communication between providers excellent, continuity maintained.",DOCUMENT_UPLOAD
Analyse the input and categorize into respective category,"Medical equipment rental charges for home oxygen therapy. Monthly rate: $180, duration: 6 months, total cost: $1,080.",DOCUMENT_UPLOAD
Analyse the input and categorize into respective category,"Approval needed for robotic rehabilitation device. Traditional therapy plateauing, innovative technology may enhance recovery.",DOCUMENT_UPLOAD
Analyse the input and categorize into respective category,"Route patient to hepatology for liver function abnormalities. Include enzyme levels, imaging studies, and medication history review.",DOCUMENT_UPLOAD
Analyse the input and categorize into respective category,Physical examination findings: Patient strength returning gradually. Range of motion exercises producing positive results.,DOCUMENT_UPLOAD
Analyse the input and categorize into respective category,"Copayment waiver request for financial hardship case. Income documentation provided, patient qualifies for assistance program.",DOCUMENT_UPLOAD
Analyse the input and categorize into respective category,"Preauthorization required for investigational surgical approach. Conventional techniques unsuccessful, novel method shows promise.",DOCUMENT_UPLOAD
Analyse the input and categorize into respective category,"Transfer patient to emergency surgery for acute surgical condition. Include vital signs, laboratory results, and surgical urgency assessment.",DOCUMENT_UPLOAD
Analyse the input and categorize into respective category,"Medication administration record: Patient tolerance excellent. Therapeutic levels achieved, side effects minimal and manageable.",DOCUMENT_UPLOAD
Analyse the input and categorize into respective category,"Healthcare costs for extended care facility stay. Daily rate: $250, duration: 30 days, total charges: $7,500.",DOCUMENT_UPLOAD
Analyse the input and categorize into respective category,Approval sought for personalized cancer vaccine. Tumor genetics support individualized immunotherapy approach.,DOCUMENT_UPLOAD
Analyse the input and categorize into respective category,"Connect patient with pain management specialist for chronic syndrome treatment. Include pain scales, medication trials, and functional limitations.",DOCUMENT_UPLOAD
Analyse the input and categorize into respective category,"Nursing shift summary: Patient vital signs stable throughout night. No acute events, routine care provided without complications.",DOCUMENT_UPLOAD
Analyse the input and categorize into respective category,"Professional services billing for consultation provided remotely. Telemedicine visit: $120, technology fee: $15, total charge: $135.",DOCUMENT_UPLOAD
Analyse the input and categorize into respective category,"Prior permission needed for experimental brain stimulation therapy. Movement disorder treatment, conventional methods exhausted.",DOCUMENT_UPLOAD
Analyse the input and categorize into respective category,"Direct patient to reproductive endocrinology for fertility preservation. Include treatment timeline, ovarian reserve testing, and patient preferences.",DOCUMENT_UPLOAD
Analyse the input and categorize into respective category,"Recovery room documentation: Patient awakening appropriately from anesthesia. Vital signs stable, pain control adequate.",DOCUMENT_UPLOAD
Analyse the input and categorize into respective category,"Insurance processing update for multiple claims submitted last month. Total approved: $8,900, total denied: $1,200, appeals initiated.",DOCUMENT_UPLOAD
Analyse the input and categorize into respective category,Clearance requested for participation in precision medicine study. Genetic profile matches trial inclusion criteria.,DOCUMENT_UPLOAD
Analyse the input and categorize into respective category,"Send patient to orthopedic oncology for bone tumor evaluation. Include imaging characteristics, biopsy results, and staging workup.",DOCUMENT_UPLOAD
Analyse the input and categorize into respective category,Medication therapy management notes: Patient understanding of complex regimen confirmed. Compliance strategies implemented successfully.,DOCUMENT_UPLOAD
Analyse the input and categorize into respective category,"Account statement for services rendered in January 2025. Total charges: $3,400, insurance payments: $2,550, patient balance: $850.",DOCUMENT_UPLOAD
Analyse the input and categorize into respective category,"Approval required for compassionate use device access. Life-threatening condition, no approved alternatives exist.",DOCUMENT_UPLOAD
Analyse the input and categorize into respective category,Coordinate patient transfer to pediatric intensive care for critical illness management. Include PICU bed availability and transport team.,DOCUMENT_UPLOAD
Analyse the input and categorize into respective category,"Speech pathology assessment: Patient swallowing function improving. Diet texture advancement appropriate, aspiration risk decreased.",DOCUMENT_UPLOAD
Analyse the input and categorize into respective category,"Revenue posting for electronic payments received. Credit card payments: $2,400, ACH transfers: $1,800, total deposited: $4,200.",DOCUMENT_UPLOAD
Analyse the input and categorize into respective category,Preauthorization submitted for advanced imaging with contrast enhancement. Clinical suspicion requires detailed evaluation.,DOCUMENT_UPLOAD
Analyse the input and categorize into respective category,"Forward patient to emergency psychiatry for acute mental health crisis. Include risk assessment, safety measures, and immediate interventions.",DOCUMENT_UPLOAD
Analyse the input and categorize into respective category,Diabetic education documentation: Patient glucose monitoring technique demonstrated. Carbohydrate counting skills assessed and reinforced.,DOCUMENT_UPLOAD
Analyse the input and categorize into respective category,"Billing inquiry resolution for disputed charges. Documentation review complete, charges validated, patient explanation provided.",DOCUMENT_UPLOAD
Analyse the input and categorize into respective category,"Approval needed for breakthrough oncology treatment. Aggressive disease progression, standard therapies ineffective.",DOCUMENT_UPLOAD
Analyse the input and categorize into respective category,"Route patient to hand therapy for post-surgical rehabilitation. Include surgical procedure details, healing timeline, and functional goals.",DOCUMENT_UPLOAD
Analyse the input and categorize into respective category,Patient education assessment: Understanding of discharge instructions confirmed. Follow-up appointments scheduled appropriately.,DOCUMENT_UPLOAD
Analyse the input and categorize into respective category,"Healthcare financing consultation for elective cosmetic procedure. Payment options discussed, financing terms negotiated.",DOCUMENT_UPLOAD
Analyse the input and categorize into respective category,"Prior approval requested for innovative cardiac device implantation. Heart failure management, conventional pacemaker insufficient.",DOCUMENT_UPLOAD
Analyse the input and categorize into respective category,"Transfer patient to burn intensive care for severe thermal injury. Include burn percentage, depth assessment, and fluid requirements.",DOCUMENT_UPLOAD
Analyse the input and categorize into respective category,Occupational therapy progress: Patient work capacity improving. Return to employment timeline established with employer coordination.,DOCUMENT_UPLOAD
Analyse the input and categorize into respective category,"Insurance explanation of benefits for emergency room visit. Total billed: $2,800, insurance paid: $2,100, patient owes: $700.",DOCUMENT_UPLOAD
Analyse the input and categorize into respective category,"Clearance sought for experimental tissue engineering therapy. Wound healing complications, traditional treatments unsuccessful.",DOCUMENT_UPLOAD
Analyse the input and categorize into respective category,"Connect patient with integrative medicine for complementary therapy consultation. Include current treatments, patient preferences, and evidence-based options.",DOCUMENT_UPLOAD
Analyse the input and categorize into respective category,"Vital signs monitoring log: Patient hemodynamically stable. Blood pressure controlled, heart rhythm regular throughout observation period.",DOCUMENT_UPLOAD
Analyse the input and categorize into respective category,"Cost estimate update for revised surgical plan. Original estimate: $12,000, revised estimate: $15,500, insurance verification pending.",DOCUMENT_UPLOAD
Analyse the input and categorize into respective category,"Approval required for participation in international drug trial. Protocol amendments approved, patient enrollment authorized.",DOCUMENT_UPLOAD
Analyse the input and categorize into respective category,"Direct patient to minimally invasive surgery for complex procedure. Include anatomical considerations, surgical planning, and patient counseling.",DOCUMENT_UPLOAD
Analyse the input and categorize into respective category,Nutritional counseling notes: Patient dietary modifications producing desired weight loss. Metabolic parameters improving steadily.,DOCUMENT_UPLOAD
Analyse the input and categorize into respective category,"Payment plan modification for patient experiencing financial hardship. Monthly payment reduced from $400 to $200, extended term approved.",DOCUMENT_UPLOAD
Analyse the input and categorize into respective category,"Preauthorization needed for cutting-edge neurological intervention. Seizure disorder management, conventional medications inadequate.",DOCUMENT_UPLOAD
Analyse the input and categorize into respective category,"Send patient to maternal-fetal medicine for twin pregnancy management. Include growth discordance, complications monitoring, and delivery planning.",DOCUMENT_UPLOAD
Analyse the input and categorize into respective category,Psychological testing results: Patient cognitive function within normal limits. Memory assessment shows improvement from baseline testing.,DOCUMENT_UPLOAD
Analyse the input and categorize into respective category,"Healthcare premium payment processing for employee benefits. Monthly deduction: $350, annual total: $4,200, coverage effective immediately.",DOCUMENT_UPLOAD
Analyse the input and categorize into respective category,"Approval sought for experimental gene editing therapy. Inherited disorder indication, conventional treatments provide minimal benefit.",DOCUMENT_UPLOAD
Analyse the input and categorize into respective category,"Coordinate patient referral to wilderness medicine for adventure sports injury. Include mechanism of injury, environmental factors, and rescue details.",DOCUMENT_UPLOAD
Analyse the input and categorize into respective category,Respiratory therapy notes: Patient ventilator weaning progressing successfully. Spontaneous breathing trials increasing in duration.,DOCUMENT_UPLOAD
Analyse the input and categorize into respective category,"Accounts receivable aging analysis for December 2024. Current: $25,000, 30-60 days: $8,000, over 90 days: $3,500.",DOCUMENT_UPLOAD
Analyse the input and categorize into respective category,"Prior permission required for investigational antibody therapy. Autoimmune condition treatment, standard immunosuppression insufficient.",DOCUMENT_UPLOAD
Analyse the input and categorize into respective category,"Forward patient to pediatric surgery for congenital anomaly repair. Include imaging studies, growth parameters, and surgical timing considerations.",DOCUMENT_UPLOAD
Analyse the input and categorize into respective category,"Medication reconciliation update: Patient drug regimen optimized. Potential interactions eliminated, therapeutic goals maintained.",DOCUMENT_UPLOAD
Analyse the input and categorize into respective category,Insurance audit response for medical necessity review. Additional clinical documentation provided to support treatment decisions.,DOCUMENT_UPLOAD
Analyse the input and categorize into respective category,"Clearance requested for breakthrough medical device trial. Revolutionary technology, potential to transform treatment paradigm.",DOCUMENT_UPLOAD
Analyse the input and categorize into respective category,"Route patient to transplant surgery for organ replacement evaluation. Include compatibility testing, surgical risk assessment, and waitlist status.",DOCUMENT_UPLOAD
Analyse the input and categorize into respective category,"Patient safety incident report: Near-miss event documented. Root cause analysis initiated, prevention strategies implemented.",DOCUMENT_UPLOAD
Analyse the input and categorize into respective category,"Financial assistance application approved for qualifying patient. Charity care covers 90% of charges, patient responsibility: $500.",DOCUMENT_UPLOAD
Analyse the input and categorize into respective category,Approval needed for personalized drug dosing based on genetics. Pharmacogenomic testing supports individualized therapy approach.,DOCUMENT_UPLOAD
Analyse the input and categorize into respective category,"Transfer patient to specialized stroke center for comprehensive evaluation. Include NIHSS score, imaging findings, and time since onset.",DOCUMENT_UPLOAD
Analyse the input and categorize into respective category,"Physical therapy discharge summary: Patient functional goals achieved. Home exercise program established, community resources identified.",DOCUMENT_UPLOAD
Analyse the input and categorize into respective category,"Healthcare invoice correction for billing error. Original charge: $800, corrected charge: $650, credit applied: $150.",DOCUMENT_UPLOAD
Analyse the input and categorize into respective category,"Preauthorization required for novel surgical robot utilization. Complex anatomy requires advanced technology, improved outcomes expected.",DOCUMENT_UPLOAD
Analyse the input and categorize into respective category,"Connect patient with sleep disorders center for comprehensive evaluation. Include sleep study scheduling, symptom assessment, and treatment planning.",DOCUMENT_UPLOAD
Analyse the input and categorize into respective category,"Nursing documentation completion: Patient care plan updated. Goals revised based on progress, interventions adjusted accordingly.",DOCUMENT_UPLOAD
Analyse the input and categorize into respective category,"Medical supplies billing for durable equipment provided. Wheelchair rental: $200/month, oxygen concentrator: $150/month, total: $350.",DOCUMENT_UPLOAD
Analyse the input and categorize into respective category,"Approval sought for compassionate use biologic therapy. Inflammatory condition treatment, conventional medications causing intolerable side effects.",DOCUMENT_UPLOAD
Analyse the input and categorize into respective category,Direct patient to pediatric cardiothoracic surgery for complex heart defect repair. Include echocardiogram findings and surgical planning conference.,DOCUMENT_UPLOAD
Analyse the input and categorize into respective category,Medication adherence monitoring: Patient compliance tracking shows excellent results. Therapeutic outcomes maintained consistently.,DOCUMENT_UPLOAD
Analyse the input and categorize into respective category,"Insurance claim status update for pending reimbursements. Total pending: $12,400, expected resolution: 15 business days.",DOCUMENT_UPLOAD
Analyse the input and categorize into respective category,"Prior approval submitted for experimental cellular regeneration therapy. Tissue damage extensive, conventional healing inadequate.",DOCUMENT_UPLOAD
Analyse the input and categorize into respective category,"Send patient to interventional neuroradiology for cerebrovascular procedure. Include angiography results, risk assessment, and procedural planning.",DOCUMENT_UPLOAD
Analyse the input and categorize into respective category,Wound care progress documentation: Healing trajectory exceeding expectations. Advanced dressing protocols producing excellent results.,DOCUMENT_UPLOAD
Analyse the input and categorize into respective category,"Healthcare cost containment report for annual review. Total savings: $45,000, efficiency improvements identified across departments.",DOCUMENT_UPLOAD
Analyse the input and categorize into respective category,Clearance needed for participation in adaptive clinical trial. Protocol allows real-time modifications based on patient response.,DOCUMENT_UPLOAD
Analyse the input and categorize into respective category,"Coordinate patient transfer to rehabilitation facility for intensive therapy. Include functional assessment, therapy orders, and discharge goals.",DOCUMENT_UPLOAD
Analyse the input and categorize into respective category,"Medication effectiveness evaluation: Patient response to new regimen excellent. Biomarker improvements documented, side effects minimal.",DOCUMENT_UPLOAD
Analyse the input and categorize into respective category,"Billing cycle completion for February 2025 services. Total charges generated: $67,800, collection rate: 94%, outstanding: $4,100.",DOCUMENT_UPLOAD
Analyse the input and categorize into respective category,"Approval required for breakthrough combination therapy. Synergistic effects demonstrated, superior outcomes anticipated.",DOCUMENT_UPLOAD
Analyse the input and categorize into respective category,"Forward patient to emergency medicine for acute condition management. Include triage assessment, vital signs, and immediate treatment needs.",DOCUMENT_UPLOAD
Analyse the input and categorize into respective category,Patient outcome measurement: Quality of life scores improved significantly. Functional capacity returned to pre-illness levels.,DOCUMENT_UPLOAD
Analyse the input and categorize into respective category,"Healthcare economics analysis for treatment options. Cost-effectiveness ratio favors innovative approach, long-term savings projected.",DOCUMENT_UPLOAD
Analyse the input and categorize into respective category,Preauthorization request for advanced molecular diagnostics. Precision medicine approach requires comprehensive genetic analysis.,DOCUMENT_UPLOAD
Analyse the input and categorize into respective category,"Route patient to emergency surgery for life-threatening condition. Include surgical consent, family notification, and operating room preparation.",DOCUMENT_UPLOAD
Analyse the input and categorize into respective category,"Clinical trial participation documentation: Patient eligibility confirmed. Informed consent process complete, enrollment scheduled.",DOCUMENT_UPLOAD
Analyse the input and categorize into respective category,"Account reconciliation for insurance payments received. Posted amount: $8,600, adjustment: $400, net collection: $8,200.",DOCUMENT_UPLOAD
Analyse the input and categorize into respective category,Approval sought for investigational device compassionate use. Device represents only viable treatment option for patient's condition.,DOCUMENT_UPLOAD
